{
	"credit": "Made with Blockbench",
	"textures": {
		"0": "item/hk416/texture",
		"1": "item/hk416/texture2",
		"2": "item/hk416/texture3",
		"3": "item/hk416/texture4",
		"4": "item/hk416/texture5",
		"5": "item/hk416/texture6",
		"6": "item/hk416/texture7",
		"7": "item/hk416/texture8",
		"8": "item/hk416/texture9",
		"9": "item/hk416/texture10",
		"12": "item/hk416/texture13",
		"13": "item/hk416/texture16",
		"14": "item/hk416/texture15",
		"15": "item/hk416/texture14",
		"particle": "item/hk416/texture"
	},
	"elements": [
		{
			"from": [-1.8, 10.9, 8.2],
			"to": [-1.2, 11.2, 8.4],
			"rotation": {"angle": 0, "axis": "y", "origin": [7, 0, 7]},
			"faces": {
				"north": {"uv": [0, 0, 1, 1], "texture": "#9"},
				"east": {"uv": [0, 1, 1, 2], "texture": "#9"},
				"south": {"uv": [1, 0, 2, 1], "texture": "#9"},
				"west": {"uv": [1, 1, 2, 2], "texture": "#9"},
				"up": {"uv": [1, 3, 0, 2], "texture": "#9"},
				"down": {"uv": [3, 0, 2, 1], "texture": "#9"}
			}
		},
		{
			"from": [-1.8, 10.9, 7.8],
			"to": [-1.2, 11, 8.2],
			"rotation": {"angle": 0, "axis": "y", "origin": [7, 0, 7]},
			"faces": {
				"north": {"uv": [0, 0, 1, 1], "texture": "#9"},
				"east": {"uv": [0, 1, 1, 2], "texture": "#9"},
				"south": {"uv": [1, 0, 2, 1], "texture": "#9"},
				"west": {"uv": [1, 1, 2, 2], "texture": "#9"},
				"up": {"uv": [1, 3, 0, 2], "texture": "#9"},
				"down": {"uv": [3, 0, 2, 1], "texture": "#9"}
			}
		},
		{
			"from": [-1.8, 10.9, 7.6],
			"to": [-1.2, 11.2, 7.8],
			"rotation": {"angle": 0, "axis": "y", "origin": [7, 0, 7]},
			"faces": {
				"north": {"uv": [0, 0, 1, 1], "texture": "#9"},
				"east": {"uv": [0, 1, 1, 2], "texture": "#9"},
				"south": {"uv": [1, 0, 2, 1], "texture": "#9"},
				"west": {"uv": [1, 1, 2, 2], "texture": "#9"},
				"up": {"uv": [1, 3, 0, 2], "texture": "#9"},
				"down": {"uv": [3, 0, 2, 1], "texture": "#9"}
			}
		},
		{
			"from": [10.5, 11, 7.9],
			"to": [10.9, 11.3, 8.1],
			"rotation": {"angle": 0, "axis": "y", "origin": [7, 0, 7]},
			"faces": {
				"north": {"uv": [0, 0, 1, 1], "texture": "#9"},
				"east": {"uv": [0, 1, 1, 2], "texture": "#9"},
				"south": {"uv": [1, 0, 2, 1], "texture": "#9"},
				"west": {"uv": [1, 1, 2, 2], "texture": "#9"},
				"up": {"uv": [1, 3, 0, 2], "texture": "#9"},
				"down": {"uv": [3, 0, 2, 1], "texture": "#9"}
			}
		},
		{
			"from": [3.4, 9, 7],
			"to": [11, 11, 9],
			"rotation": {"angle": 0, "axis": "y", "origin": [7, 0, 7]},
			"faces": {
				"north": {"uv": [0, 0, 8, 2], "texture": "#7"},
				"east": {"uv": [0, 8, 2, 10], "texture": "#7"},
				"south": {"uv": [0, 2, 8, 4], "texture": "#7"},
				"west": {"uv": [8, 0, 10, 2], "texture": "#7"},
				"up": {"uv": [8, 6, 0, 4], "texture": "#7"},
				"down": {"uv": [8, 6, 0, 8], "texture": "#7"}
			}
		},
		{
			"from": [-2.3, 9, 7.2],
			"to": [3.4, 10.9, 8.8],
			"rotation": {"angle": 0, "axis": "y", "origin": [7, 0, 7]},
			"faces": {
				"north": {"uv": [0, 0, 6, 2], "texture": "#0"},
				"east": {"uv": [6, 0, 8, 2], "texture": "#0"},
				"south": {"uv": [0, 2, 6, 4], "texture": "#0"},
				"west": {"uv": [6, 2, 8, 4], "texture": "#0"},
				"up": {"uv": [6, 6, 0, 4], "texture": "#0"},
				"down": {"uv": [6, 6, 0, 8], "texture": "#0"}
			}
		},
		{
			"from": [-3.7, 9.5, 7.6],
			"to": [-2.2, 10.4, 8.4],
			"rotation": {"angle": 0, "axis": "y", "origin": [7, 0, 7]},
			"faces": {
				"north": {"uv": [0, 0, 1, 1], "texture": "#3"},
				"east": {"uv": [0, 1, 1, 2], "texture": "#3"},
				"south": {"uv": [1, 0, 2, 1], "texture": "#3"},
				"west": {"uv": [1, 1, 2, 2], "texture": "#3"},
				"up": {"uv": [1, 3, 0, 2], "texture": "#3"},
				"down": {"uv": [3, 0, 2, 1], "texture": "#3"}
			}
		},
		{
			"from": [-9.3, 8, 7.4],
			"to": [-3.7, 10.9, 8.6],
			"rotation": {"angle": 0, "axis": "y", "origin": [7, 0, 7]},
			"faces": {
				"north": {"uv": [0, 0, 6, 3], "texture": "#4"},
				"east": {"uv": [6, 1, 7, 4], "texture": "#4"},
				"south": {"uv": [0, 3, 6, 6], "texture": "#4"},
				"west": {"uv": [6, 4, 7, 7], "texture": "#4"},
				"up": {"uv": [6, 7, 0, 6], "texture": "#4"},
				"down": {"uv": [12, 0, 6, 1], "texture": "#4"}
			}
		},
		{
			"from": [3.90091, 4.50122, 7.4],
			"to": [5.90091, 7.58122, 8.6],
			"rotation": {"angle": 22.5, "axis": "z", "origin": [5.00091, 6.00122, 7]},
			"faces": {
				"north": {"uv": [0, 0, 2, 3], "texture": "#6"},
				"east": {"uv": [0, 3, 1, 6], "texture": "#6"},
				"south": {"uv": [2, 0, 4, 3], "texture": "#6"},
				"west": {"uv": [1, 3, 2, 6], "texture": "#6"},
				"up": {"uv": [4, 4, 2, 3], "texture": "#6"},
				"down": {"uv": [6, 0, 4, 1], "texture": "#6"}
			}
		},
		{
			"from": [3.38, 7.03, 7.4],
			"to": [5.5, 9.5, 8.6],
			"rotation": {"angle": 0, "axis": "y", "origin": [5, 6, 7]},
			"faces": {
				"north": {"uv": [0, 0, 2, 2], "texture": "#5"},
				"east": {"uv": [2, 0, 3, 2], "texture": "#5"},
				"south": {"uv": [0, 2, 2, 4], "texture": "#5"},
				"west": {"uv": [2, 2, 3, 4], "texture": "#5"},
				"up": {"uv": [5, 1, 3, 0], "texture": "#5"},
				"down": {"uv": [5, 1, 3, 2], "texture": "#5"}
			}
		},
		{
			"from": [-2.2, 8.04, 7.3],
			"to": [3.38, 9.1, 8.7],
			"rotation": {"angle": 0, "axis": "y", "origin": [5, 6, 7]},
			"faces": {
				"north": {"uv": [0, 0, 6, 1], "texture": "#1"},
				"east": {"uv": [0, 4, 1, 5], "texture": "#1"},
				"south": {"uv": [0, 1, 6, 2], "texture": "#1"},
				"west": {"uv": [1, 4, 2, 5], "texture": "#1"},
				"up": {"uv": [6, 3, 0, 2], "texture": "#1"},
				"down": {"uv": [6, 3, 0, 4], "texture": "#1"}
			}
		},
		{
			"from": [-1.2, 5.44, 7.5],
			"to": [0.4, 8.5, 8.5],
			"rotation": {"angle": -22.5, "axis": "z", "origin": [-0.6, 8.1, 7.3]},
			"faces": {
				"north": {"uv": [0, 0, 2, 3], "texture": "#2"},
				"east": {"uv": [0, 3, 1, 6], "texture": "#2"},
				"south": {"uv": [2, 0, 4, 3], "texture": "#2"},
				"west": {"uv": [1, 3, 2, 6], "texture": "#2"},
				"up": {"uv": [4, 4, 2, 3], "texture": "#2"},
				"down": {"uv": [6, 0, 4, 1], "texture": "#2"}
			}
		},
		{
			"from": [-0.3, 7.24, 7.6],
			"to": [2.39, 7.24, 8.4],
			"rotation": {"angle": 0, "axis": "y", "origin": [-0.6, 8.1, 7.3]},
			"faces": {
				"north": {"uv": [0, 0, 3, 0], "texture": "#15"},
				"east": {"uv": [0, 0, 1, 0], "texture": "#15"},
				"south": {"uv": [0, 0, 3, 0], "texture": "#15"},
				"west": {"uv": [0, 0, 1, 0], "texture": "#15"},
				"up": {"uv": [3, 1, 0, 0], "texture": "#15"},
				"down": {"uv": [3, 1, 0, 2], "texture": "#15"}
			}
		},
		{
			"from": [1.11, 6.64, 7.8],
			"to": [1.11, 7.7, 8.2],
			"rotation": {"angle": 22.5, "axis": "z", "origin": [-0.6, 8.1, 7.3]},
			"faces": {
				"north": {"uv": [0, 0, 0, 1], "texture": "#12"},
				"east": {"uv": [0, 0, 1, 1], "texture": "#12"},
				"south": {"uv": [0, 0, 0, 1], "texture": "#12"},
				"west": {"uv": [0, 1, 1, 2], "texture": "#12"},
				"up": {"uv": [0, 1, 0, 0], "texture": "#12"},
				"down": {"uv": [0, 0, 0, 1], "texture": "#12"}
			}
		},
		{
			"from": [2.75582, 8.50412, 7.6],
			"to": [2.75582, 9.39412, 8.4],
			"rotation": {"angle": -22.5, "axis": "z", "origin": [-0.60418, 8.79412, 7.3]},
			"faces": {
				"north": {"uv": [0, 0, 0, 2], "texture": "#14"},
				"east": {"uv": [0, 0, 1, 2], "texture": "#14"},
				"south": {"uv": [0, 0, 0, 2], "texture": "#14"},
				"west": {"uv": [1, 0, 2, 2], "texture": "#14"},
				"up": {"uv": [0, 1, 0, 0], "texture": "#14"},
				"down": {"uv": [0, 0, 0, 1], "texture": "#14"}
			}
		},
		{
			"from": [11, 9.5, 7.5],
			"to": [15.71, 10.5, 8.5],
			"rotation": {"angle": 0, "axis": "y", "origin": [7, 0, 7]},
			"faces": {
				"north": {"uv": [0, 0, 5, 1], "texture": "#8"},
				"east": {"uv": [0, 4, 1, 5], "texture": "#8"},
				"south": {"uv": [0, 1, 5, 2], "texture": "#8"},
				"west": {"uv": [1, 4, 2, 5], "texture": "#8"},
				"up": {"uv": [5, 3, 0, 2], "texture": "#8"},
				"down": {"uv": [5, 3, 0, 4], "texture": "#8"}
			}
		},
		{
			"from": [13.7, 9.4, 7.4],
			"to": [15.7, 10.6, 8.6],
			"rotation": {"angle": 0, "axis": "y", "origin": [7, 0, 7]},
			"faces": {
				"north": {"uv": [0, 0, 2, 1], "texture": "#13"},
				"east": {"uv": [2, 1, 3, 2], "texture": "#13"},
				"south": {"uv": [0, 1, 2, 2], "texture": "#13"},
				"west": {"uv": [2, 2, 3, 3], "texture": "#13"},
				"up": {"uv": [2, 3, 0, 2], "texture": "#13"},
				"down": {"uv": [4, 0, 2, 1], "texture": "#13"}
			}
		}
	],
	"display": {
		"thirdperson_righthand": {
			"rotation": [0, 90, 0],
			"translation": [0, 0.5, -6.75]
		},
		"thirdperson_lefthand": {
			"rotation": [0, -90, 0],
			"translation": [0, 0.5, -6.75]
		},
		"firstperson_righthand": {
			"rotation": [0, 120, -34],
			"translation": [-2.75, -2.5, -3.25]
		},
		"firstperson_lefthand": {
			"rotation": [0, -90, 0],
			"translation": [0, 0.5, -6.75]
		},
		"ground": {
			"translation": [4.5, 0, 0]
		},
		"gui": {
			"rotation": [0, 180, 45],
			"translation": [-3.5, 1.75, 0],
			"scale": [0.75, 0.75, 0.75]
		},
		"head": {
			"rotation": [0, 0, 45],
			"translation": [9.5, -11, 4.5],
			"scale": [1.75, 1.75, 1.75]
		},
		"fixed": {
			"rotation": [0, 0, 45],
			"translation": [4.75, 2.5, 0]
		}
	}
}