{
	"credit": "Made with Blockbench",
	"textures": {
		"17": "item/hk416Skin/texture17",
		"18": "item/hk416Skin/texture13",
		"19": "item/hk416Skin/texture14",
		"20": "item/hk416Skin/texture15",
		"21": "item/hk416Skin/texture16",
		"22": "item/hk416Skin/texture17",
		"23": "item/hk416Skin/texture",
		"24": "item/hk416Skin/texture2",
		"25": "item/hk416Skin/texture3",
		"28": "item/hk416Skin/texture6",
		"29": "item/hk416Skin/texture7",
		"30": "item/hk416Skin/texture8",
		"31": "item/hk416Skin/texture9",
		"32": "item/hk416Skin/texture10"
	},
	"elements": [
		{
			"from": [-1.8, 10.9, 8.2],
			"to": [-1.2, 11.2, 8.4],
			"rotation": {"angle": 0, "axis": "y", "origin": [7, 0, 7]},
			"faces": {
				"north": {"uv": [0, 0, 1, 1], "texture": "#32"},
				"east": {"uv": [0, 1, 1, 2], "texture": "#32"},
				"south": {"uv": [1, 0, 2, 1], "texture": "#32"},
				"west": {"uv": [1, 1, 2, 2], "texture": "#32"},
				"up": {"uv": [1, 3, 0, 2], "texture": "#32"},
				"down": {"uv": [3, 0, 2, 1], "texture": "#32"}
			}
		},
		{
			"from": [-1.8, 10.9, 7.8],
			"to": [-1.2, 11, 8.2],
			"rotation": {"angle": 0, "axis": "y", "origin": [7, 0, 7]},
			"faces": {
				"north": {"uv": [0, 0, 1, 1], "texture": "#32"},
				"east": {"uv": [0, 1, 1, 2], "texture": "#32"},
				"south": {"uv": [1, 0, 2, 1], "texture": "#32"},
				"west": {"uv": [1, 1, 2, 2], "texture": "#32"},
				"up": {"uv": [1, 3, 0, 2], "texture": "#32"},
				"down": {"uv": [3, 0, 2, 1], "texture": "#32"}
			}
		},
		{
			"from": [-1.8, 10.9, 7.6],
			"to": [-1.2, 11.2, 7.8],
			"rotation": {"angle": 0, "axis": "y", "origin": [7, 0, 7]},
			"faces": {
				"north": {"uv": [0, 0, 1, 1], "texture": "#32"},
				"east": {"uv": [0, 1, 1, 2], "texture": "#32"},
				"south": {"uv": [1, 0, 2, 1], "texture": "#32"},
				"west": {"uv": [1, 1, 2, 2], "texture": "#32"},
				"up": {"uv": [1, 3, 0, 2], "texture": "#32"},
				"down": {"uv": [3, 0, 2, 1], "texture": "#32"}
			}
		},
		{
			"from": [10.5, 10.66858, 8.05858],
			"to": [10.9, 11.15858, 8.12858],
			"rotation": {"angle": 45, "axis": "x", "origin": [10.9, 11.3, 8.2]},
			"faces": {
				"north": {"uv": [0, 0, 1, 1], "texture": "#32"},
				"east": {"uv": [0, 1, 1, 2], "texture": "#32"},
				"south": {"uv": [1, 0, 2, 1], "texture": "#32"},
				"west": {"uv": [1, 1, 2, 2], "texture": "#32"},
				"up": {"uv": [1, 3, 0, 2], "texture": "#32"},
				"down": {"uv": [3, 0, 2, 1], "texture": "#32"}
			}
		},
		{
			"from": [10.5, 10.67858, 7.87142],
			"to": [10.9, 11.15858, 7.94142],
			"rotation": {"angle": -45, "axis": "x", "origin": [10.9, 11.3, 7.8]},
			"faces": {
				"north": {"uv": [0, 0, 1, 1], "texture": "#32"},
				"east": {"uv": [0, 1, 1, 2], "texture": "#32"},
				"south": {"uv": [1, 0, 2, 1], "texture": "#32"},
				"west": {"uv": [1, 1, 2, 2], "texture": "#32"},
				"up": {"uv": [1, 3, 0, 2], "texture": "#32"},
				"down": {"uv": [3, 0, 2, 1], "texture": "#32"}
			}
		},
		{
			"from": [3.4, 9, 7],
			"to": [11, 11, 9],
			"rotation": {"angle": 0, "axis": "y", "origin": [7, 0, 7]},
			"faces": {
				"north": {"uv": [0, 0, 8, 2], "texture": "#30"},
				"east": {"uv": [0, 8, 2, 10], "texture": "#30"},
				"south": {"uv": [0, 2, 8, 4], "texture": "#30"},
				"west": {"uv": [8, 0, 10, 2], "texture": "#30"},
				"up": {"uv": [8, 6, 0, 4], "texture": "#30"},
				"down": {"uv": [8, 6, 0, 8], "texture": "#30"}
			}
		},
		{
			"from": [-2.3, 9, 7.2],
			"to": [3.4, 10.9, 8.8],
			"rotation": {"angle": 0, "axis": "y", "origin": [7, 0, 7]},
			"faces": {
				"north": {"uv": [0, 0, 6, 2], "texture": "#23"},
				"east": {"uv": [6, 0, 8, 2], "texture": "#23"},
				"south": {"uv": [0, 2, 6, 4], "texture": "#23"},
				"west": {"uv": [6, 2, 8, 4], "texture": "#23"},
				"up": {"uv": [6, 6, 0, 4], "texture": "#23"},
				"down": {"uv": [6, 6, 0, 8], "texture": "#23"}
			}
		},
		{
			"from": [-5.8, 9.3, 7.1],
			"to": [-2.2, 10.2, 8],
			"rotation": {"angle": -45, "axis": "x", "origin": [-2.2, 10.4, 7.6]},
			"faces": {
				"north": {"uv": [1, 2, 2, 3], "texture": "#25"},
				"east": {"uv": [0, 1, 1, 2], "texture": "#25"},
				"south": {"uv": [0, 0, 1, 1], "texture": "#25"},
				"west": {"uv": [1, 1, 2, 2], "texture": "#25"},
				"up": {"uv": [1, 3, 0, 2], "texture": "#25"},
				"down": {"uv": [3, 0, 2, 1], "texture": "#25"}
			}
		},
		{
			"from": [-9.3, 8, 7.4],
			"to": [-3.7, 10.9, 8.6],
			"rotation": {"angle": 0, "axis": "y", "origin": [7, 0, 7]},
			"color": 9,
			"faces": {
				"north": {"uv": [0, 0, 6, 3], "texture": "#missing"},
				"east": {"uv": [6, 1, 7, 4], "texture": "#missing"},
				"south": {"uv": [0, 3, 6, 6], "texture": "#missing"},
				"west": {"uv": [6, 4, 7, 7], "texture": "#missing"},
				"up": {"uv": [6, 7, 0, 6], "texture": "#missing"},
				"down": {"uv": [12, 0, 6, 1], "texture": "#missing"}
			}
		},
		{
			"from": [3.90091, 4.50122, 7.41],
			"to": [5.90091, 7.58122, 8.6],
			"rotation": {"angle": 22.5, "axis": "z", "origin": [5.00091, 6.00122, 7]},
			"faces": {
				"north": {"uv": [0, 0, 2, 3], "texture": "#29"},
				"east": {"uv": [0, 3, 1, 6], "texture": "#29"},
				"south": {"uv": [2, 0, 4, 3], "texture": "#29"},
				"west": {"uv": [1, 3, 2, 6], "texture": "#29"},
				"up": {"uv": [4, 4, 2, 3], "texture": "#29"},
				"down": {"uv": [6, 0, 4, 1], "texture": "#29"}
			}
		},
		{
			"from": [3.38, 7.03, 7.4],
			"to": [5.5, 9.5, 8.61],
			"rotation": {"angle": 0, "axis": "y", "origin": [5, 6, 7]},
			"faces": {
				"north": {"uv": [0, 0, 2, 2], "texture": "#28"},
				"east": {"uv": [2, 0, 3, 2], "texture": "#28"},
				"south": {"uv": [0, 2, 2, 4], "texture": "#28"},
				"west": {"uv": [2, 2, 3, 4], "texture": "#28"},
				"up": {"uv": [5, 1, 3, 0], "texture": "#28"},
				"down": {"uv": [5, 1, 3, 2], "texture": "#28"}
			}
		},
		{
			"from": [-2.2, 8.04, 7.3],
			"to": [3.38, 9.1, 8.7],
			"rotation": {"angle": 0, "axis": "y", "origin": [-0.35888, 6.09512, 7.51]},
			"faces": {
				"north": {"uv": [0, 0, 6, 1], "texture": "#24"},
				"east": {"uv": [0, 4, 1, 5], "texture": "#24"},
				"south": {"uv": [0, 1, 6, 2], "texture": "#24"},
				"west": {"uv": [1, 4, 2, 5], "texture": "#24"},
				"up": {"uv": [6, 3, 0, 2], "texture": "#24"},
				"down": {"uv": [6, 3, 0, 4], "texture": "#24"}
			}
		},
		{
			"from": [-2.17227, 5.87209, 7.5],
			"to": [-0.57227, 8.93209, 8.5],
			"rotation": {"angle": -22.5, "axis": "z", "origin": [-2.17227, 5.87209, 7.5]},
			"faces": {
				"north": {"uv": [0, 0, 2, 3], "texture": "#25"},
				"east": {"uv": [0, 3, 1, 6], "texture": "#25"},
				"south": {"uv": [2, 0, 4, 3], "texture": "#25"},
				"west": {"uv": [1, 3, 2, 6], "texture": "#25"},
				"up": {"uv": [4, 4, 2, 3], "texture": "#25"},
				"down": {"uv": [6, 0, 4, 1], "texture": "#25"}
			}
		},
		{
			"from": [-2.29044, 4.90446, 7.51],
			"to": [-1.16044, 6.02446, 8.49],
			"rotation": {"angle": 22.5, "axis": "z", "origin": [-1.82044, 6.25446, 7.49]},
			"faces": {
				"north": {"uv": [0, 0, 1, 1], "texture": "#17"},
				"east": {"uv": [0, 1, 1, 2], "texture": "#17"},
				"south": {"uv": [1, 0, 2, 1], "texture": "#17"},
				"west": {"uv": [1, 1, 2, 2], "texture": "#17"},
				"up": {"uv": [1, 3, 0, 2], "texture": "#17"},
				"down": {"uv": [3, 0, 2, 1], "texture": "#17"}
			}
		},
		{
			"from": [-0.3, 7.24, 7.6],
			"to": [2.39, 7.24, 8.4],
			"rotation": {"angle": 0, "axis": "y", "origin": [-0.6, 8.1, 7.3]},
			"faces": {
				"north": {"uv": [0, 0, 3, 0], "texture": "#19"},
				"east": {"uv": [0, 0, 1, 0], "texture": "#19"},
				"south": {"uv": [0, 0, 3, 0], "texture": "#19"},
				"west": {"uv": [0, 0, 1, 0], "texture": "#19"},
				"up": {"uv": [3, 1, 0, 0], "texture": "#19"},
				"down": {"uv": [3, 1, 0, 2], "texture": "#19"}
			}
		},
		{
			"from": [1.11, 6.64, 7.8],
			"to": [1.11, 7.7, 8.2],
			"rotation": {"angle": 22.5, "axis": "z", "origin": [-0.6, 8.1, 7.3]},
			"faces": {
				"north": {"uv": [0, 0, 0, 1], "texture": "#18"},
				"east": {"uv": [0, 0, 1, 1], "texture": "#18"},
				"south": {"uv": [0, 0, 0, 1], "texture": "#18"},
				"west": {"uv": [0, 1, 1, 2], "texture": "#18"},
				"up": {"uv": [0, 1, 0, 0], "texture": "#18"},
				"down": {"uv": [0, 0, 0, 1], "texture": "#18"}
			}
		},
		{
			"from": [2.75582, 8.50412, 7.6],
			"to": [2.75582, 9.39412, 8.4],
			"rotation": {"angle": -22.5, "axis": "z", "origin": [-0.60418, 8.79412, 7.3]},
			"faces": {
				"north": {"uv": [0, 0, 0, 2], "texture": "#20"},
				"east": {"uv": [0, 0, 1, 2], "texture": "#20"},
				"south": {"uv": [0, 0, 0, 2], "texture": "#20"},
				"west": {"uv": [1, 0, 2, 2], "texture": "#20"},
				"up": {"uv": [0, 1, 0, 0], "texture": "#20"},
				"down": {"uv": [0, 0, 0, 1], "texture": "#20"}
			}
		},
		{
			"from": [11, 9.5, 7.5],
			"to": [15.71, 10.5, 8.5],
			"rotation": {"angle": 0, "axis": "y", "origin": [7, 0, 7]},
			"faces": {
				"north": {"uv": [0, 0, 5, 1], "texture": "#31"},
				"east": {"uv": [0, 4, 1, 5], "texture": "#31"},
				"south": {"uv": [0, 1, 5, 2], "texture": "#31"},
				"west": {"uv": [1, 4, 2, 5], "texture": "#31"},
				"up": {"uv": [5, 3, 0, 2], "texture": "#31"},
				"down": {"uv": [5, 3, 0, 4], "texture": "#31"}
			}
		},
		{
			"from": [13.7, 9.4, 7.4],
			"to": [15.7, 10.6, 8.6],
			"rotation": {"angle": 0, "axis": "y", "origin": [7, 0, 7]},
			"faces": {
				"north": {"uv": [0, 0, 2, 1], "texture": "#21"},
				"east": {"uv": [2, 1, 3, 2], "texture": "#21"},
				"south": {"uv": [0, 1, 2, 2], "texture": "#21"},
				"west": {"uv": [2, 2, 3, 3], "texture": "#21"},
				"up": {"uv": [2, 3, 0, 2], "texture": "#21"},
				"down": {"uv": [4, 0, 2, 1], "texture": "#21"}
			}
		},
		{
			"from": [13.7, 9.5, 6.6],
			"to": [15.1, 10.5, 8],
			"rotation": {"angle": 45, "axis": "y", "origin": [15.4, 10.5, 7.3]},
			"faces": {
				"north": {"uv": [0, 0, 2, 1], "texture": "#22"},
				"east": {"uv": [2, 1, 3, 2], "texture": "#22"},
				"south": {"uv": [0, 1, 2, 2], "texture": "#22"},
				"west": {"uv": [2, 2, 3, 3], "texture": "#22"},
				"up": {"uv": [2, 3, 0, 2], "texture": "#22"},
				"down": {"uv": [4, 0, 2, 1], "texture": "#22"}
			}
		},
		{
			"from": [11.7, 9.6, 4.6],
			"to": [12.7, 10.4, 5.6],
			"rotation": {"angle": 45, "axis": "y", "origin": [15.4, 10.5, 7.3]},
			"faces": {
				"north": {"uv": [0, 0, 1, 1], "texture": "#22"},
				"east": {"uv": [0, 1, 1, 2], "texture": "#22"},
				"south": {"uv": [1, 0, 2, 1], "texture": "#22"},
				"west": {"uv": [1, 1, 2, 2], "texture": "#22"},
				"up": {"uv": [1, 3, 0, 2], "texture": "#22"},
				"down": {"uv": [3, 0, 2, 1], "texture": "#22"}
			}
		},
		{
			"from": [12.2, 9.6, 5.1],
			"to": [13.2, 10.4, 6.1],
			"rotation": {"angle": 45, "axis": "y", "origin": [15.4, 10.5, 7.3]},
			"faces": {
				"north": {"uv": [0, 0, 1, 1], "texture": "#22"},
				"east": {"uv": [0, 1, 1, 2], "texture": "#22"},
				"south": {"uv": [1, 0, 2, 1], "texture": "#22"},
				"west": {"uv": [1, 1, 2, 2], "texture": "#22"},
				"up": {"uv": [1, 3, 0, 2], "texture": "#22"},
				"down": {"uv": [3, 0, 2, 1], "texture": "#22"}
			}
		}
	],
	"display": {
		"thirdperson_righthand": {
			"rotation": [0, 90, 0],
			"translation": [0, 0.5, -6.75]
		},
		"thirdperson_lefthand": {
			"rotation": [0, -90, 0],
			"translation": [0, 0.5, -6.75]
		},
		"firstperson_righthand": {
			"rotation": [0, 90, 0],
			"translation": [0, 0.5, -6.75]
		},
		"firstperson_lefthand": {
			"rotation": [0, -90, 0],
			"translation": [0, 0.5, -6.75]
		},
		"ground": {
			"translation": [4.5, 0, 0]
		},
		"gui": {
			"rotation": [0, 180, 45],
			"translation": [-3.5, 1.75, 0],
			"scale": [0.75, 0.75, 0.75]
		},
		"head": {
			"rotation": [0, 0, 45],
			"translation": [9.5, -11, 4.5],
			"scale": [1.75, 1.75, 1.75]
		},
		"fixed": {
			"rotation": [0, 0, 45],
			"translation": [4.75, 2.5, 0]
		}
	}
}